user_input,retrieved_contexts,response,reference,faithfulness,answer_relevancy
Which port maps to the cloud?,"['We expect spending in technology and infrastructure will increase over time as we add computer scientists, designers, software and hardware engineers, and merchandising employees. Our technology and infrastructure investment and capital spending projects often support a variety of product and service offerings due to geographic expansion and the cross- functionality of our systems and operations. We seek to invest efficiently in several areas of technology and infrastructure, including AWS, and expansion of new and existing product categories and service offerings, as well as in infrastructure to enhance the customer experience and improve our process efficiencies. We believe that advances in technology, specifically the speed and reduced cost of processing power, data storage and analytics, improved wireless connectivity, and the practical applications of artificial intelligence and machine learning, will continue to improve users‚Äô experience on the internet and increase its ubiquity in people‚Äôs lives. To best take advantage of these continued advances in technology, we are investing in AWS, which offers a broad set of on-demand technology services, including compute, storage, database, analytics, and machine learning, and other services to developers and enterprises of all sizes. We are also investing in initiatives to build and deploy innovative and efficient software and electronic devices as well as other initiatives including the development of a satellite network for global broadband service and autonomous vehicles for ride-hailing services.', 'Technology and Infrastructure\n\nTechnology and infrastructure costs include payroll and related expenses for employees involved in the research and development of new and existing products and services, development, design, and maintenance of our stores, curation and display of products and services made available in our online stores, and infrastructure costs. Infrastructure costs include servers, networking equipment, and data center related depreciation and amortization, rent, utilities, and other expenses necessary to support AWS and other Amazon businesses. Collectively, these costs reflect the investments we make in order to offer a wide variety of products and services to our customers, including expenditures related to initiatives to build and deploy innovative and efficient software and electronic devices and the development of a satellite network for global broadband service and autonomous vehicles for ride-hailing services.', 'Technology and Infrastructure\n\nTechnology and infrastructure costs include payroll and related expenses for employees involved in the research and development of new and existing products and services, development, design, and maintenance of our stores, curation and display of products and services made available in our online stores, and infrastructure costs. Infrastructure costs include servers, networking equipment, and data center related depreciation and amortization, rent, utilities, and other expenses necessary to support AWS and other Amazon businesses. Collectively, these costs reflect the investments we make in order to offer a wide variety of products and services to our customers, including expenditures related to initiatives to build and deploy innovative and efficient software and electronic devices and the development of a satellite network for global broadband service and autonomous vehicles for ride-hailing services. Technology and infrastructure costs are generally expensed as incurred.']","Based on the context provided, AWS (Amazon Web Services) is mentioned as an investment in technology and infrastructure that offers a broad set of on-demand technology services, including compute, storage, database, analytics, and machine learning. Therefore, AWS maps to the cloud.",Local port 8001 maps to cloud port 8000.,0.75,0.5730684705932015
What is the fallback if cloud fails?,"['We Face Risks Related to System Interruption and Lack of Redundancy\n\nWe experience occasional system interruptions and delays that make our websites and services unavailable or slow to respond and prevent us from efficiently accepting or fulfilling orders or providing services to customers and third parties, which may reduce our net sales and the attractiveness of our products and services. Steps we take to add software and hardware, upgrade our systems and network infrastructure, and improve the stability and efficiency of our systems may not be sufficient to avoid system interruptions or delays that could adversely affect our operating results.\n\nOur computer and communications systems and operations in the past have been, or in the future could be, damaged or interrupted due to events such as natural or human-caused disasters (including public health crises) or extreme weather (including as a result of climate change), geopolitical events and security issues (including terrorist attacks and armed hostilities), computer viruses, physical or electronic break-ins, operational failures (including from energy shortages), and similar events or disruptions. Any of these events could cause system interruption, delays, and loss of critical data, and could prevent us from accepting and fulfilling customer orders and providing services, which could make our product and service offerings less attractive and subject us to liability. Our systems are not fully redundant and our disaster recovery planning may not be sufficient. In addition, our insurance may not provide sufficient coverage to compensate for related losses. Any of these events could damage our reputation and be expensive to remedy.', '48\n\na gain will be recorded in ‚ÄúOther income (expense), net‚Äù in our Q1 2025 consolidated statement of operations. We also have a commercial arrangement primarily for the provision of AWS cloud services, which includes the use of AWS chips.\n\nEquity investments in private companies for which we do not have the ability to exercise significant influence are accounted for at cost, with adjustments for observable changes in prices or impairments recognized in ‚ÄúOther income (expense), net‚Äù on our consolidated statements of operations. Each reporting period, we perform a qualitative assessment to evaluate whether the investment is impaired. Our assessment includes a review of recent operating results and trends, recent sales/ acquisitions of the investee securities, and other publicly available data. If the investment is impaired, we write it down to its estimated fair value. As of December 31, 2023 and 2024, these investments had a carrying value of $754 million and $989 million.\n\nEquity investments where we can exercise significant influence, but not control, over an investee are accounted for using the equity method of accounting, or at fair value if we elect the fair value option. Our share of the earnings or losses as reported by equity-method investees, amortization of basis differences, related gains or losses, and impairments, if any, are recognized in ‚ÄúEquity-method investment activity, net of tax‚Äù on our consolidated statements of operations. Each reporting period, we evaluate whether declines in fair value below carrying value are other-than-temporary and if so, we write down the investment to its estimated fair value. As of December 31, 2023 and 2024, these investments had a carrying value of $614 million and $1.2 billion.', 'ssh\n\nN\n\ni $SSH_KEY\n\nL ${LOCAL_TUNNEL_PORT}:localhost:8000 root@$CLOUD_IP &\n\nSSH_PID=$!\n\nsleep 2\n\n# Set Environment for Cloud export LLM_PROVIDER=""vllm"" export VLLM_BASE_URL=""http://localhost:${LOCAL_TUNNEL_PORT}/v1""\n\nMODE_LABEL=""‚òÅÔ∏è CLOUD GPU (Auto-Detect Model)"" else # --- LOCAL FALLBACK DETECTED --- echo ""‚ö†Ô∏è Cloud GPU unreachable. Switching to Local Fallback.""\n\n# Verify Ollama is running if curl --output /dev/null --silent --head --fail ""$LOCAL_OLLAMA_URL""; then echo ""‚úÖ Ollama detected locally."" else echo ""‚ùå ERROR: Ollama is not running at $LOCAL_OLLAMA_URL"" echo ""üëâ Run \'ollama serve\' in a separate terminal and try again."" exit 1 fi']","If the cloud GPU is unreachable, the system will switch to a local fallback. Specifically, the script checks if Ollama is running locally by attempting to curl the `LOCAL_OLLAMA_URL`. If Ollama is detected locally, it sets the environment variables for using the local instance as a fallback. The relevant part of the script handling this scenario is:

```bash
else # --- LOCAL FALLBACK DETECTED ---
echo ""‚ö†Ô∏è Cloud GPU unreachable. Switching to Local Fallback.""

# Verify Ollama is running
if curl --output /dev/null --silent --head --fail ""$LOCAL_OLLAMA_URL""; then
    echo ""‚úÖ Ollama detected locally.""
else
    echo ""‚ùå ERROR: Ollama is not running at $LOCAL_OLLAMA_URL""
    echo ""üëâ Run 'ollama serve' in a separate terminal and try again.""
    exit 1
fi
```

This ensures that the system uses the local Ollama instance as a fallback if the cloud GPU is unavailable.",It falls back to local Ollama on port 11434.,1.0,0.7110880540948203
